ecode,year,authority,class,long_class,region,rural,rurality,coastal,Combined_Authorities,rcode,ons_code,RS_SUM_servicespend,RS_SUM_nonservicespend,RS_SUM_otherinc,RS_SUM_inc_adj,RS_SUM_inc,RS_SUM_unring_res31Mar
E0101,2022/23,Bath & North East Somerset,UA,UA,SW,Significant Rural,Significantly Rural,0,West of England,R602,E06000022,176618,40670,-16720,-173351,-176425,82221
E0102,2022/23,Bristol,UA,UA,SW,Large Urban,Predominantly Urban,1,West of England,R603,E06000023,547728,4376,-19692,-493203,-493203,155430
E0103,2022/23,South Gloucestershire,UA,UA,SW,Large Urban,Predominantly Urban,0,West of England,R604,E06000025,286815,2480,-9165,-280807,-289636,146227
E0104,2022/23,North Somerset,UA,UA,SW,Rural-50,Predominantly Rural,1,NA,R605,E06000024,198128,11808,-5025,-211289,-217673,92389
E0201,2022/23,Luton,UA,UA,EE,Other Urban,Predominantly Urban,0,NA,R619,E06000032,223986,31163,-46877,-207121,-207121,107345
E0202,2022/23,Bedford,UA,UA,EE,Significant Rural,Significantly Rural,0,NA,R679,E06000055,197186,13292,-3803,-193464,-195461,44990
E0203,2022/23,Central Bedfordshire,UA,UA,EE,Rural-50,Predominantly Rural,0,NA,R680,E06000056,265479,16793,-975,-253298,-267682,111633
E0301,2022/23,Bracknell Forest,UA,UA,SE,Large Urban,Predominantly Urban,0,NA,R642,E06000036,128283,3180,-10297,-107806,-111641,84232
E0302,2022/23,West Berkshire,UA,UA,SE,Significant Rural,Significantly Rural,0,NA,R643,E06000037,166013,21053,-4847,-154826,-159526,10060
E0303,2022/23,Reading,UA,UA,SE,Large Urban,Predominantly Urban,0,NA,R644,E06000038,169097,23224,-13621,-165782,-165782,75917
E0304,2022/23,Slough,UA,UA,SE,Other Urban,Predominantly Urban,0,NA,R645,E06000039,0,0,0,0,0,0
E0305,2022/23,Windsor & Maidenhead,UA,UA,SE,Other Urban,Predominantly Urban,0,NA,R646,E06000040,121789,30001,-4617,-123101,-124864,21771
E0306,2022/23,Wokingham,UA,UA,SE,Large Urban,Predominantly Urban,0,NA,R647,E06000041,175369,28024,-18370,-178852,-184007,152677
E0401,2022/23,Milton Keynes,UA,UA,SE,Other Urban,Predominantly Urban,0,NA,R620,E06000042,228788,25641,-12572,-207937,-217794,105594
E0402,2022/23,Buckinghamshire,UA,UA,SE,Significant Rural,Significantly Rural,0,NA,R693,E06000060,522594,22790,-24813,-521643,-539190,248613
E0501,2022/23,Peterborough,UA,UA,EE,Other Urban,Predominantly Urban,0,Cambridgeshire and Peterborough,R649,E06000031,184438,29724,-5207,-211923,-212628,63750
E0521,2022/23,Cambridgeshire,SC,SC,EE,Predominantly Rural,Predominantly Rural,0,Cambridgeshire and Peterborough,R663,E10000003,499677,44528,-20566,-536661,-536661,180733
E0531,2022/23,Cambridge,SD,SD,EE,Other Urban,Predominantly Urban,0,Cambridgeshire and Peterborough,R22,E07000008,32061,1828,-19850,-15589,-15589,56849
E0532,2022/23,East Cambridgeshire,SD,SD,EE,Rural-80,Predominantly Rural,0,Cambridgeshire and Peterborough,R23,E07000009,14892,409,-3884,-12249,-14989,25296
E0533,2022/23,Fenland,SD,SD,EE,Rural-80,Predominantly Rural,0,Cambridgeshire and Peterborough,R24,E07000010,16529,2003,-199,-17161,-18647,12265
E0536,2022/23,South Cambridgeshire,SD,SD,EE,Rural-80,Predominantly Rural,0,Cambridgeshire and Peterborough,R27,E07000012,0,0,0,0,0,0
E0551,2022/23,Huntingdonshire,SD,SD,EE,Rural-80,Predominantly Rural,0,Cambridgeshire and Peterborough,R648,E07000011,25225,4183,-6627,-20476,-28370,31114
E0601,2022/23,Halton,UA,UA,NW,Other Urban,Predominantly Urban,0,Liverpool City Region,R650,E06000006,132467,54716,-1970,-163105,-163266,104737
E0602,2022/23,Warrington,UA,UA,NW,Other Urban,Predominantly Urban,0,NA,R651,E06000007,205042,27875,-36395,-181193,-183753,113880
E0603,2022/23,Cheshire East,UA,UA,NW,Rural-50,Predominantly Rural,0,NA,R677,E06000049,391944,17357,-4245,-364212,-373521,72689
E0604,2022/23,Cheshire West & Chester,UA,UA,NW,Significant Rural,Significantly Rural,0,NA,R678,E06000050,381683,5374,-16633,-336163,-340415,128482
E0701,2022/23,Hartlepool,UA,UA,NE,Other Urban,Predominantly Urban,1,Tees Valley,R606,E06000001,113616,5916,-3779,-107559,-107616,39360
E0702,2022/23,Middlesbrough,UA,UA,NE,Large Urban,Predominantly Urban,0,Tees Valley,R607,E06000002,169242,24420,-6861,-167294,-167326,26000
E0703,2022/23,Redcar & Cleveland,UA,UA,NE,Significant Rural,Significantly Rural,1,Tees Valley,R608,E06000003,150966,9365,-2092,-148493,-149086,34696
E0704,2022/23,Stockton-on-Tees,UA,UA,NE,Large Urban,Predominantly Urban,0,Tees Valley,R609,E06000004,171897,22732,-2785,-172464,-173390,56007
E0801,2022/23,Cornwall,UA,UA,SW,Rural-80,Predominantly Rural,1,NA,R672,E06000052,614357,101802,-19923,-648044,-677534,299764
E0920,2022/23,Cumbria,SC,SC,NW,Predominantly Rural,Predominantly Rural,0,NA,R412,E10000006,492760,35090,-5085,-504961,-504961,121362
E0931,2022/23,Allerdale,SD,SD,NW,Rural-80,Predominantly Rural,1,NA,R46,E07000026,15611,-130,-2104,-11054,-13828,8302
E0932,2022/23,Barrow-in-Furness,SD,SD,NW,Other Urban,Predominantly Urban,1,NA,R47,E07000027,13223,2787,-682,-10431,-10580,8414
E0933,2022/23,Carlisle,SD,SD,NW,Significant Rural,Significantly Rural,0,NA,R48,E07000028,23304,2067,-2945,-15948,-16680,12751
E0934,2022/23,Copeland,SD,SD,NW,Rural-80,Predominantly Rural,1,NA,R49,E07000029,13806,-2233,-840,-10134,-11325,16353
E0935,2022/23,Eden,SD,SD,NW,Rural-80,Predominantly Rural,0,NA,R50,E07000030,0,0,0,0,0,0
E0936,2022/23,South Lakeland,SD,SD,NW,Rural-80,Predominantly Rural,1,NA,R51,E07000031,0,0,0,0,0,0
E1001,2022/23,Derby,UA,UA,EM,Other Urban,Predominantly Urban,0,NA,R621,E06000015,266800,11409,-1490,-244204,-244204,74519
E1021,2022/23,Derbyshire,SC,SC,EM,Significant Rural,Significantly Rural,0,NA,R634,E10000007,717853,30402,-8835,-706056,-706056,263765
E1031,2022/23,Amber Valley,SD,SD,EM,Significant Rural,Significantly Rural,0,NA,R52,E07000032,14689,946,-1033,-13614,-16226,22174
E1032,2022/23,Bolsover,SD,SD,EM,Significant Rural,Significantly Rural,0,NA,R53,E07000033,10358,3661,-3098,-11771,-15417,25519
E1033,2022/23,Chesterfield,SD,SD,EM,Other Urban,Predominantly Urban,0,NA,R54,E07000034,16314,2919,-2037,-13349,-13849,13823
E1035,2022/23,Derbyshire Dales,SD,SD,EM,Rural-80,Predominantly Rural,0,NA,R60,E07000035,10815,4665,-713,-14642,-16535,21649
E1036,2022/23,Erewash,SD,SD,EM,Large Urban,Predominantly Urban,0,NA,R56,E07000036,15037,750,-540,-13163,-13626,6575
E1037,2022/23,High Peak,SD,SD,EM,Rural-50,Predominantly Rural,0,NA,R57,E07000037,0,0,0,0,0,0
E1038,2022/23,North East Derbyshire,SD,SD,EM,Rural-50,Predominantly Rural,0,NA,R58,E07000038,12754,1386,-1750,-12875,-16342,20304
E1039,2022/23,South Derbyshire,SD,SD,EM,Significant Rural,Significantly Rural,0,NA,R59,E07000039,15857,-325,-1031,-15995,-16982,42557
E1101,2022/23,Plymouth,UA,UA,SW,Other Urban,Predominantly Urban,1,NA,R652,E06000026,267152,25057,-7057,-247731,-247731,46992
E1102,2022/23,Torbay,UA,UA,SW,Other Urban,Predominantly Urban,1,NA,R653,E06000027,0,0,0,0,0,0
E1121,2022/23,Devon,SC,SC,SW,Predominantly Rural,Predominantly Rural,0,NA,R665,E10000008,816593,33318,-4370,-749400,-749400,168324
E1131,2022/23,East Devon,SD,SD,SW,Rural-50,Predominantly Rural,1,NA,R61,E07000040,19344,-12351,-7523,-17885,-22622,53593
E1132,2022/23,Exeter,SD,SD,SW,Other Urban,Predominantly Urban,0,NA,R62,E07000041,16873,9128,-8481,-5803,-5803,19545
E1133,2022/23,Mid Devon,SD,SD,SW,Rural-80,Predominantly Rural,0,NA,R67,E07000042,13209,3653,-1401,-12776,-14921,20186
E1134,2022/23,North Devon,SD,SD,SW,Rural-50,Predominantly Rural,1,NA,R63,E07000043,8451,6906,-232,-11765,-14428,12400
E1136,2022/23,South Hams,SD,SD,SW,Rural-80,Predominantly Rural,1,NA,R65,E07000044,14190,6293,-2053,-12864,-15998,16549
E1137,2022/23,Teignbridge,SD,SD,SW,Rural-80,Predominantly Rural,1,NA,R66,E07000045,15490,1409,-845,-14621,-18932,24229
E1139,2022/23,Torridge,SD,SD,SW,Rural-80,Predominantly Rural,1,NA,R69,E07000046,10441,2082,-694,-8828,-10575,14364
E1140,2022/23,West Devon,SD,SD,SW,Rural-80,Predominantly Rural,0,NA,R70,E07000047,8147,3061,-1798,-9202,-11047,10471
E1203,2022/23,Dorset Council,UA,UA,SW,NA,NA,NA,NA,R688,E06000059,431122,36622,-10261,-447467,-464415,162696
E1204,2022/23,"Bournemouth, Christchurch and Poole Council",UA,UA,SW,NA,NA,NA,NA,R689,E06000058,409041,23914,-10847,-344111,-345110,88745
E1301,2022/23,Darlington,UA,UA,NE,Other Urban,Predominantly Urban,0,Tees Valley,R624,E06000005,117819,3254,-3951,-111458,-111649,71671
E1302,2022/23,Durham,UA,UA,NE,Rural-50,Predominantly Rural,1,North East,R673,E06000047,582807,44692,-14333,-573262,-587459,216332
E1401,2022/23,Brighton & Hove,UA,UA,SE,Large Urban,Predominantly Urban,1,NA,R625,E06000043,314058,31394,-12793,-295739,-295791,29108
E1421,2022/23,East Sussex,SC,SC,SE,Significant Rural,Significantly Rural,0,NA,R637,E10000011,491067,42415,-5993,-534845,-534845,198349
E1432,2022/23,Eastbourne,SD,SD,SE,Other Urban,Predominantly Urban,1,NA,R88,E07000061,26600,-4001,-2974,-12088,-12088,8957
E1433,2022/23,Hastings,SD,SD,SE,Other Urban,Predominantly Urban,1,NA,R89,E07000062,34939,-4295,0,-28545,-28545,61708
E1435,2022/23,Lewes,SD,SD,SE,Rural-50,Predominantly Rural,1,NA,R91,E07000063,23553,2057,-2355,-18465,-23030,13539
E1436,2022/23,Rother,SD,SD,SE,Rural-50,Predominantly Rural,1,NA,R92,E07000064,16359,2115,-2854,-14039,-16389,11828
E1437,2022/23,Wealden,SD,SD,SE,Rural-80,Predominantly Rural,1,NA,R93,E07000065,19270,941,-2724,-22069,-29596,49134
E1501,2022/23,Southend-on-Sea,UA,UA,EE,Large Urban,Predominantly Urban,1,NA,R654,E06000033,168319,22311,-8243,-164455,-164908,74326
E1502,2022/23,Thurrock,UA,UA,EE,Other Urban,Predominantly Urban,0,NA,R655,E06000034,0,0,0,0,0,0
E1521,2022/23,Essex,SC,SC,EE,Significant Rural,Significantly Rural,0,NA,R666,E10000012,1170956,58949,-11697,-1251734,-1251734,595621
E1531,2022/23,Basildon,SD,SD,EE,Other Urban,Predominantly Urban,0,NA,R94,E07000066,32520,21723,-18072,-26091,-26818,49143
E1532,2022/23,Braintree,SD,SD,EE,Rural-50,Predominantly Rural,0,NA,R95,E07000067,19566,2667,-4020,-17632,-20295,35810
E1533,2022/23,Brentwood,SD,SD,EE,Significant Rural,Significantly Rural,0,NA,R96,E07000068,7901,1924,-3287,-4178,-4798,12297
E1534,2022/23,Castle Point,SD,SD,EE,Large Urban,Predominantly Urban,1,NA,R97,E07000069,5477,900,-1414,-8720,-8983,26213
E1535,2022/23,Chelmsford,SD,SD,EE,Other Urban,Predominantly Urban,0,NA,R98,E07000070,29155,2374,-5349,-23118,-26059,29717
E1536,2022/23,Colchester,SD,SD,EE,Significant Rural,Significantly Rural,1,NA,R99,E07000071,0,0,0,0,0,0
E1537,2022/23,Epping Forest,SD,SD,EE,Significant Rural,Significantly Rural,0,NA,R100,E07000072,23346,8091,-11431,-16977,-20864,7894
E1538,2022/23,Harlow,SD,SD,EE,Other Urban,Predominantly Urban,0,NA,R101,E07000073,13322,7381,-346,-13109,-13109,28657
E1539,2022/23,Maldon,SD,SD,EE,Rural-80,Predominantly Rural,1,NA,R102,E07000074,11433,287,-773,-10043,-11646,13073
E1540,2022/23,Rochford,SD,SD,EE,Large Urban,Predominantly Urban,1,NA,R103,E07000075,9775,2788,-543,-11062,-12823,15187
E1542,2022/23,Tendring,SD,SD,EE,Rural-50,Predominantly Rural,1,NA,R105,E07000076,21533,2572,-1863,-20523,-22796,36352
E1544,2022/23,Uttlesford,SD,SD,EE,Rural-80,Predominantly Rural,0,NA,R107,E07000077,18086,4767,-11712,-12435,-16433,24484
E1620,2022/23,Gloucestershire,SC,SC,SW,Significant Rural,Significantly Rural,0,NA,R419,E10000013,543103,17268,-7204,-543094,-543094,171022
E1631,2022/23,Cheltenham,SD,SD,SW,Other Urban,Predominantly Urban,0,NA,R108,E07000078,17061,4215,-5082,-9528,-9908,5460
E1632,2022/23,Cotswold,SD,SD,SW,Rural-80,Predominantly Rural,0,NA,R109,E07000079,0,0,0,0,0,0
E1633,2022/23,Forest of Dean,SD,SD,SW,Rural-80,Predominantly Rural,0,NA,R110,E07000080,11992,902,-1106,-11794,-14539,13715
E1634,2022/23,Gloucester,SD,SD,SW,Other Urban,Predominantly Urban,0,NA,R111,E07000081,10020,6617,-2896,-10596,-10854,5455
E1635,2022/23,Stroud,SD,SD,SW,Rural-50,Predominantly Rural,0,NA,R112,E07000082,15724,3229,-1745,-15582,-20217,24574
E1636,2022/23,Tewkesbury,SD,SD,SW,Rural-50,Predominantly Rural,0,NA,R113,E07000083,13615,3780,-5970,-13394,-15827,38318
E1701,2022/23,Portsmouth,UA,UA,SE,Large Urban,Predominantly Urban,1,NA,R626,E06000044,208246,41102,-24339,-211094,-211094,204011
E1702,2022/23,Southampton,UA,UA,SE,Large Urban,Predominantly Urban,1,NA,R627,E06000045,284946,13070,-8444,-243089,-243089,57361
E1721,2022/23,Hampshire,SC,SC,SE,Significant Rural,Significantly Rural,0,NA,R638,E10000014,1110144,76699,-27634,-1077006,-1077006,537674
E1731,2022/23,Basingstoke & Deane,SD,SD,SE,Significant Rural,Significantly Rural,0,NA,R114,E07000084,31514,2215,-18318,-13238,-14833,44573
E1732,2022/23,East Hampshire,SD,SD,SE,Rural-50,Predominantly Rural,0,NA,R115,E07000085,18264,5674,-8452,-7228,-11883,22032
E1733,2022/23,Eastleigh,SD,SD,SE,Significant Rural,Significantly Rural,0,NA,R116,E07000086,14122,13776,-14498,-15032,-18726,56786
E1734,2022/23,Fareham,SD,SD,SE,Large Urban,Predominantly Urban,1,NA,R117,E07000087,16864,5378,-11778,-13512,-13512,24257
E1735,2022/23,Gosport,SD,SD,SE,Large Urban,Predominantly Urban,1,NA,R118,E07000088,12514,2434,-1259,-11147,-11147,11417
E1736,2022/23,Hart,SD,SD,SE,Significant Rural,Significantly Rural,0,NA,R119,E07000089,8990,1159,-2046,-7794,-11489,31724
E1737,2022/23,Havant,SD,SD,SE,Large Urban,Predominantly Urban,1,NA,R120,E07000090,16418,-1727,-1991,-13025,-13025,17106
E1738,2022/23,New Forest,SD,SD,SE,Significant Rural,Significantly Rural,1,NA,R121,E07000091,20190,7917,-3110,-18081,-25068,21183
E1740,2022/23,Rushmoor,SD,SD,SE,Other Urban,Predominantly Urban,0,NA,R123,E07000092,19830,2239,-8605,-10682,-10682,28172
E1742,2022/23,Test Valley,SD,SD,SE,Rural-50,Predominantly Rural,0,NA,R125,E07000093,21359,6422,-10512,-18681,-20529,39671
E1743,2022/23,Winchester,SD,SD,SE,Rural-50,Predominantly Rural,0,NA,R126,E07000094,19144,4560,-4913,-19773,-23549,48796
E1801,2022/23,Herefordshire,UA,UA,WM,Rural-50,Predominantly Rural,0,NA,R656,E06000019,207851,19386,-7583,-204264,-209402,79805
E1821,2022/23,Worcestershire,SC,SC,WM,Significant Rural,Significantly Rural,0,NA,R671,E10000034,491573,41390,-9712,-501658,-501658,144729
E1831,2022/23,Bromsgrove,SD,SD,WM,Significant Rural,Significantly Rural,0,NA,R127,E07000234,13893,1171,0,-13676,-14748,13971
E1835,2022/23,Redditch,SD,SD,WM,Other Urban,Predominantly Urban,0,NA,R131,E07000236,10798,3215,0,-16302,-16317,0
E1837,2022/23,Worcester,SD,SD,WM,Other Urban,Predominantly Urban,0,NA,R133,E07000237,16773,2279,-2220,-8267,-8418,9827
E1838,2022/23,Wychavon,SD,SD,WM,Rural-80,Predominantly Rural,0,NA,R134,E07000238,14832,3028,-4507,-14278,-17020,85853
E1839,2022/23,Wyre Forest,SD,SD,WM,Significant Rural,Significantly Rural,0,NA,R135,E07000239,10349,2254,-1307,-9483,-11069,18362
E1851,2022/23,Malvern Hills,SD,SD,WM,Rural-50,Predominantly Rural,0,NA,R657,E07000235,8409,-135,-1373,-10291,-12715,23269
E1920,2022/23,Hertfordshire,SC,SC,EE,Predominantly Urban,Predominantly Urban,0,NA,R422,E10000015,1017894,42414,-4872,-1023298,-1023298,271064
E1931,2022/23,Broxbourne,SD,SD,EE,Major Urban,Predominantly Urban,0,NA,R136,E07000095,12596,5525,-7813,-8326,-8326,44484
E1932,2022/23,Dacorum,SD,SD,EE,Significant Rural,Significantly Rural,0,NA,R137,E07000096,24128,1055,-6319,-14720,-15735,21456
E1933,2022/23,East Hertfordshire,SD,SD,EE,Significant Rural,Significantly Rural,0,NA,R138,E07000242,16115,-154,36,-12055,-17115,17320
E1934,2022/23,Hertsmere,SD,SD,EE,Significant Rural,Significantly Rural,0,NA,R139,E07000098,14826,2819,-1408,-12690,-14004,36475
E1935,2022/23,North Hertfordshire,SD,SD,EE,Significant Rural,Significantly Rural,0,NA,R140,E07000099,19118,510,-2872,-12865,-14142,22651
E1936,2022/23,St Albans,SD,SD,EE,Significant Rural,Significantly Rural,0,NA,R141,E07000240,17623,2559,-378,-16708,-19961,15520
E1937,2022/23,Stevenage,SD,SD,EE,Other Urban,Predominantly Urban,0,NA,R142,E07000243,11597,1913,-1536,-8143,-8143,15133
E1938,2022/23,Three Rivers,SD,SD,EE,Major Urban,Predominantly Urban,0,NA,R143,E07000102,12528,1318,-6410,-9194,-11423,21575
E1939,2022/23,Watford,SD,SD,EE,Major Urban,Predominantly Urban,0,NA,R144,E07000103,25329,1782,-10329,-14688,-14688,22852
E1940,2022/23,Welwyn Hatfield,SD,SD,EE,Other Urban,Predominantly Urban,0,NA,R145,E07000241,18177,2089,-1245,-20274,-22168,18064
E2001,2022/23,East Riding of Yorkshire,UA,UA,YH,Rural-50,Predominantly Rural,1,NA,R610,E06000011,360359,27504,-6483,-344702,-351571,134619
E2002,2022/23,Kingston-upon-Hull,UA,UA,YH,Large Urban,Predominantly Urban,1,NA,R611,E06000010,314980,21080,-4824,-298358,-298358,43257
E2003,2022/23,North East Lincolnshire,UA,UA,YH,Other Urban,Predominantly Urban,1,NA,R612,E06000012,180697,10570,-643,-166539,-167322,22979
E2004,2022/23,North Lincolnshire,UA,UA,YH,Rural-50,Predominantly Rural,0,NA,R613,E06000013,170177,10343,-1214,-177626,-179327,55741
E2101,2022/23,Isle of Wight,UA,UA,SE,Rural-80,Predominantly Rural,1,NA,R601,E06000046,159923,26706,-2426,-183274,-188475,118180
E2201,2022/23,Medway,UA,UA,SE,Other Urban,Predominantly Urban,1,NA,R658,E06000035,250921,6903,-7637,-224577,-225140,43431
E2221,2022/23,Kent,SC,SC,SE,Significant Rural,Significantly Rural,0,NA,R667,E10000016,1261310,87074,-17112,-1314526,-1314526,338235
E2231,2022/23,Ashford,SD,SD,SE,Significant Rural,Significantly Rural,0,NA,R157,E07000105,27883,6560,-3451,-23961,-26451,42935
E2232,2022/23,Canterbury,SD,SD,SE,Other Urban,Predominantly Urban,1,NA,R158,E07000106,18964,13533,-10599,-19833,-20694,34147
E2233,2022/23,Dartford,SD,SD,SE,Major Urban,Predominantly Urban,0,NA,R159,E07000107,21438,387,-5331,-9967,-11235,64693
E2234,2022/23,Dover,SD,SD,SE,Rural-50,Predominantly Rural,1,NA,R160,E07000108,33947,3963,-3312,-27917,-30936,54640
E2236,2022/23,Gravesham,SD,SD,SE,Major Urban,Predominantly Urban,1,NA,R162,E07000109,17243,298,-3725,-14343,-14815,12466
E2237,2022/23,Maidstone,SD,SD,SE,Significant Rural,Significantly Rural,0,NA,R163,E07000110,25763,6371,-2383,-31562,-34003,34329
E2239,2022/23,Sevenoaks,SD,SD,SE,Rural-50,Predominantly Rural,0,NA,R165,E07000111,17305,3419,-3665,-16170,-21147,22723
E2240,2022/23,Folkestone and Hythe District Council,SD,SD,SE,NA,NA,NA,NA,R166,E07000112,22508,2656,-1416,-21753,-24412,21692
E2241,2022/23,Swale,SD,SD,SE,Significant Rural,Significantly Rural,1,NA,R167,E07000113,28537,2733,-1879,-20809,-22470,18233
E2242,2022/23,Thanet,SD,SD,SE,Other Urban,Predominantly Urban,1,NA,R168,E07000114,22111,3623,-437,-18709,-20979,17524
E2243,2022/23,Tonbridge & Malling,SD,SD,SE,Rural-50,Predominantly Rural,0,NA,R169,E07000115,18939,181,-1997,-11555,-15110,29338
E2244,2022/23,Tunbridge Wells,SD,SD,SE,Significant Rural,Significantly Rural,0,NA,R170,E07000116,13645,1248,-1770,-10327,-13314,24218
E2301,2022/23,Blackburn with Darwen,UA,UA,NW,Other Urban,Predominantly Urban,0,NA,R659,E06000008,158894,18992,-1314,-173093,-173257,61391
E2302,2022/23,Blackpool,UA,UA,NW,Large Urban,Predominantly Urban,1,NA,R660,E06000009,192940,15176,-11986,-165416,-165416,46970
E2321,2022/23,Lancashire,SC,SC,NW,Significant Rural,Significantly Rural,0,NA,R668,E10000017,1101848,71284,-42648,-1100484,-1100484,387408
E2333,2022/23,Burnley,SD,SD,NW,Other Urban,Predominantly Urban,0,NA,R173,E07000117,15942,4206,-2544,-20032,-20201,26161
E2334,2022/23,Chorley,SD,SD,NW,Significant Rural,Significantly Rural,0,NA,R174,E07000118,14852,3855,-291,-14801,-15589,12330
E2335,2022/23,Fylde,SD,SD,NW,Significant Rural,Significantly Rural,1,NA,R175,E07000119,14117,1285,-1208,-8726,-9874,17830
E2336,2022/23,Hyndburn,SD,SD,NW,Other Urban,Predominantly Urban,0,NA,R176,E07000120,14429,2924,-543,-17934,-17947,17151
E2337,2022/23,Lancaster,SD,SD,NW,Significant Rural,Significantly Rural,1,NA,R177,E07000121,25625,1234,-1663,-21064,-22034,24755
E2338,2022/23,Pendle,SD,SD,NW,Other Urban,Predominantly Urban,0,NA,R178,E07000122,21300,3933,-611,-23542,-25982,1449
E2339,2022/23,Preston,SD,SD,NW,Large Urban,Predominantly Urban,0,NA,R179,E07000123,31601,1465,-8345,-24504,-24888,42270
E2340,2022/23,Ribble Valley,SD,SD,NW,Rural-80,Predominantly Rural,0,NA,R180,E07000124,8577,556,-650,-7865,-8382,17425
E2341,2022/23,Rossendale,SD,SD,NW,Other Urban,Predominantly Urban,0,NA,R181,E07000125,0,0,0,0,0,0
E2342,2022/23,South Ribble,SD,SD,NW,Large Urban,Predominantly Urban,0,NA,R182,E07000126,18067,2354,-1271,-15899,-16368,21170
E2343,2022/23,West Lancashire,SD,SD,NW,Rural-50,Predominantly Rural,1,NA,R183,E07000127,-9309,5671,-3754,-9877,-10556,960
E2344,2022/23,Wyre,SD,SD,NW,Significant Rural,Significantly Rural,1,NA,R184,E07000128,17714,3037,-1149,-16489,-17353,32205
E2401,2022/23,Leicester,UA,UA,EM,Large Urban,Predominantly Urban,0,NA,R628,E06000016,409694,2811,-4624,-365923,-365923,283559
E2402,2022/23,Rutland,UA,UA,EM,Rural-80,Predominantly Rural,0,NA,R629,E06000017,45155,1490,-1246,-41580,-42372,24682
E2421,2022/23,Leicestershire,SC,SC,EM,Significant Rural,Significantly Rural,0,NA,R639,E10000018,500388,46465,-9385,-533221,-533221,232848
E2431,2022/23,Blaby,SD,SD,EM,Large Urban,Predominantly Urban,0,NA,R185,E07000129,13056,1438,-312,-12758,-16716,17356
E2432,2022/23,Charnwood,SD,SD,EM,Other Urban,Predominantly Urban,0,NA,R186,E07000130,19836,4572,-2509,-19184,-23434,7480
E2433,2022/23,Harborough,SD,SD,EM,Rural-80,Predominantly Rural,0,NA,R187,E07000131,13875,3912,-1170,-11818,-13932,10890
E2434,2022/23,Hinckley & Bosworth,SD,SD,EM,Significant Rural,Significantly Rural,0,NA,R188,E07000132,13701,4678,-1001,-13600,-15882,11799
E2436,2022/23,Melton,SD,SD,EM,Rural-80,Predominantly Rural,0,NA,R190,E07000133,10441,-584,-934,-7887,-8602,6014
E2437,2022/23,North West Leicestershire,SD,SD,EM,Rural-50,Predominantly Rural,0,NA,R191,E07000134,0,0,0,0,0,0
E2438,2022/23,Oadby & Wigston,SD,SD,EM,Large Urban,Predominantly Urban,0,NA,R192,E07000135,7378,1027,-92,-7152,-7152,2862
E2520,2022/23,Lincolnshire,SC,SC,EM,Predominantly Rural,Predominantly Rural,0,NA,R428,E10000019,577094,82698,-8283,-645902,-645902,211177
E2531,2022/23,Boston,SD,SD,EM,Significant Rural,Significantly Rural,1,NA,R194,E07000136,12386,3706,-3980,-9200,-9709,16136
E2532,2022/23,East Lindsey,SD,SD,EM,Rural-80,Predominantly Rural,1,NA,R195,E07000137,26958,15673,-6012,-22007,-25213,32192
E2533,2022/23,Lincoln,SD,SD,EM,Other Urban,Predominantly Urban,0,NA,R196,E07000138,19819,973,-3095,-12265,-12265,10931
E2534,2022/23,North Kesteven,SD,SD,EM,Rural-80,Predominantly Rural,0,NA,R197,E07000139,14970,8773,-2643,-14733,-18645,21100
E2535,2022/23,South Holland,SD,SD,EM,Rural-80,Predominantly Rural,1,NA,R198,E07000140,12298,4367,-866,-10723,-11738,6539
E2536,2022/23,South Kesteven,SD,SD,EM,Rural-50,Predominantly Rural,0,NA,R199,E07000141,15411,5183,-2647,-15026,-16963,22160
E2537,2022/23,West Lindsey,SD,SD,EM,Rural-80,Predominantly Rural,0,NA,R200,E07000142,15069,2227,-2093,-14655,-16989,24011
E2620,2022/23,Norfolk,SC,SC,EE,Predominantly Rural,Predominantly Rural,0,NA,R429,E10000020,861543,69872,-7751,-919566,-919566,168725
E2631,2022/23,Breckland,SD,SD,EE,Rural-80,Predominantly Rural,0,NA,R201,E07000143,21471,1841,-3920,-17342,-21855,19006
E2632,2022/23,Broadland,SD,SD,EE,Significant Rural,Significantly Rural,0,NA,R202,E07000144,14934,7470,-1970,-10617,-14874,20758
E2633,2022/23,Great Yarmouth,SD,SD,EE,Significant Rural,Significantly Rural,1,NA,R203,E07000145,15439,2763,-2122,-10709,-11305,17464
E2634,2022/23,King's Lynn & West Norfolk,SD,SD,EE,Rural-50,Predominantly Rural,1,NA,R207,E07000146,21983,2964,-3008,-17852,-20788,45619
E2635,2022/23,North Norfolk,SD,SD,EE,Rural-80,Predominantly Rural,1,NA,R204,E07000147,19149,1638,-1235,-18873,-21598,22672
E2636,2022/23,Norwich,SD,SD,EE,Other Urban,Predominantly Urban,0,NA,R205,E07000148,0,0,0,0,0,0
E2637,2022/23,South Norfolk,SD,SD,EE,Rural-80,Predominantly Rural,0,NA,R206,E07000149,18203,2146,-3574,-16614,-21071,40263
E2701,2022/23,York,UA,UA,YH,Other Urban,Predominantly Urban,0,NA,R617,E06000014,189114,16477,-4588,-183098,-183964,43438
E2721,2022/23,North Yorkshire,SC,SC,YH,Predominantly Rural,Predominantly Rural,NA,NA,R618,E10000023,487071,26932,-9811,-521398,-521398,311768
E2731,2022/23,Craven,SD,SD,YH,Rural-80,Predominantly Rural,0,NA,R221,E07000163,7737,2255,-139,-5325,-6810,4567
E2732,2022/23,Hambleton,SD,SD,YH,Rural-80,Predominantly Rural,0,NA,R222,E07000164,14808,1646,-2548,-11364,-13116,12045
E2734,2022/23,Richmondshire,SD,SD,YH,Rural-80,Predominantly Rural,0,NA,R224,E07000166,9757,446,-359,-9144,-9851,2577
E2736,2022/23,Scarborough,SD,SD,YH,Significant Rural,Significantly Rural,1,NA,R226,E07000168,19941,2756,-3063,-12509,-13590,39552
E2753,2022/23,Harrogate,SD,SD,YH,Significant Rural,Significantly Rural,0,NA,R614,E07000165,25860,6058,-1253,-22715,-23938,23092
E2755,2022/23,Ryedale,SD,SD,YH,Rural-80,Predominantly Rural,0,NA,R615,E07000167,11345,1358,-359,-9129,-10264,14096
E2757,2022/23,Selby,SD,SD,YH,Rural-80,Predominantly Rural,0,NA,R616,E07000169,20385,2640,-2178,-22549,-24521,53738
E2801,2022/23,North Northamptonshire,UA,UA,EM,Significant Rural,Significantly Rural,0,NA,R694,E06000061,285082,20919,-4429,-298939,-305737,146004
E2802,2022/23,West Northamptonshire,UA,UA,EM,Significant Rural,Significantly Rural,0,NA,R695,E06000062,388332,16066,-12468,-356657,-367982,104183
E2901,2022/23,Northumberland,UA,UA,NE,Rural-50,Predominantly Rural,1,North of Tyne,R674,E06000057,317079,109100,-21361,-380582,-390452,210149
E3001,2022/23,Nottingham,UA,UA,EM,Large Urban,Predominantly Urban,0,NA,R661,E06000018,388040,56339,-9466,-456279,-456279,163129
E3021,2022/23,Nottinghamshire,SC,SC,EM,Significant Rural,Significantly Rural,0,NA,R669,E10000024,679594,30893,-6211,-721983,-721983,252181
E3031,2022/23,Ashfield,SD,SD,EM,Other Urban,Predominantly Urban,0,NA,R229,E07000170,18318,2721,-3969,-18956,-19269,27516
E3032,2022/23,Bassetlaw,SD,SD,EM,Rural-50,Predominantly Rural,0,NA,R230,E07000171,14824,4473,338,-18407,-19815,12511
E3033,2022/23,Broxtowe,SD,SD,EM,Large Urban,Predominantly Urban,0,NA,R231,E07000172,11847,1890,-1529,-8959,-9897,7759
E3034,2022/23,Gedling,SD,SD,EM,Large Urban,Predominantly Urban,0,NA,R232,E07000173,13205,1117,-1021,-9972,-10757,7394
E3035,2022/23,Mansfield,SD,SD,EM,Other Urban,Predominantly Urban,0,NA,R233,E07000174,13929,6407,-3792,-9684,-9789,13373
E3036,2022/23,Newark & Sherwood,SD,SD,EM,Rural-50,Predominantly Rural,0,NA,R234,E07000175,19930,1233,-3939,-13209,-16634,32322
E3038,2022/23,Rushcliffe,SD,SD,EM,Rural-50,Predominantly Rural,0,NA,R236,E07000176,15341,3052,-3194,-11297,-13737,22277
E3120,2022/23,Oxfordshire,SC,SC,SE,Predominantly Rural,Predominantly Rural,0,NA,R434,E10000025,621711,26325,-4629,-637362,-637362,206500
E3131,2022/23,Cherwell,SD,SD,SE,Significant Rural,Significantly Rural,0,NA,R237,E07000177,28409,8195,-9693,-15477,-21240,28778
E3132,2022/23,Oxford,SD,SD,SE,Other Urban,Predominantly Urban,0,NA,R238,E07000178,25645,30721,-4628,-31956,-32227,6184
E3133,2022/23,South Oxfordshire,SD,SD,SE,Rural-80,Predominantly Rural,0,NA,R239,E07000179,18025,-236,-964,-18313,-24592,131840
E3134,2022/23,Vale of White Horse,SD,SD,SE,Rural-50,Predominantly Rural,0,NA,R240,E07000180,21743,-230,-3671,-15544,-20232,28755
E3135,2022/23,West Oxfordshire,SD,SD,SE,Rural-80,Predominantly Rural,0,NA,R241,E07000181,16179,1112,-4784,-8852,-13277,26959
E3201,2022/23,Telford & Wrekin,UA,UA,WM,Other Urban,Predominantly Urban,0,NA,R662,E06000020,195902,8947,-6867,-179083,-184240,89178
E3202,2022/23,Shropshire,UA,UA,WM,Rural-50,Predominantly Rural,0,NA,R675,E06000051,328859,36756,-3596,-316718,-326252,44862
E3320,2022/23,Somerset,SC,SC,SW,Predominantly Rural,Predominantly Rural,0,NA,R436,E10000027,453904,14801,-4614,-463891,-463891,193542
E3331,2022/23,Mendip,SD,SD,SW,Rural-80,Predominantly Rural,0,NA,R248,E07000187,20088,2071,-4273,-12720,-18110,12451
E3332,2022/23,Sedgemoor,SD,SD,SW,Rural-50,Predominantly Rural,1,NA,R249,E07000188,27278,-1338,-7894,-15217,-18321,25693
E3334,2022/23,South Somerset,SD,SD,SW,Rural-50,Predominantly Rural,0,NA,R252,E07000189,39057,-112,-12147,-20881,-27417,33258
E3336,2022/23,Somerset West and Taunton District Council,SD,SD,SW,NA,NA,NA,NA,R692,E07000246,27400,2543,-7405,-20880,-23558,33393
E3401,2022/23,Stoke-on-Trent,UA,UA,WM,Large Urban,Predominantly Urban,0,NA,R630,E06000021,303900,23797,-9851,-281490,-281490,59085
E3421,2022/23,Staffordshire,SC,SC,WM,Significant Rural,Significantly Rural,0,NA,R640,E10000028,606523,31932,-13492,-658149,-658149,383374
E3431,2022/23,Cannock Chase,SD,SD,WM,Significant Rural,Significantly Rural,0,NA,R253,E07000192,16706,171,-1047,-13599,-14418,20944
E3432,2022/23,East Staffordshire,SD,SD,WM,Significant Rural,Significantly Rural,0,NA,R254,E07000193,14871,2148,-1930,-15096,-16406,26241
E3433,2022/23,Lichfield,SD,SD,WM,Rural-50,Predominantly Rural,0,NA,R255,E07000194,14364,1907,-1593,-11762,-13888,21626
E3434,2022/23,Newcastle-under-Lyme,SD,SD,WM,Large Urban,Predominantly Urban,0,NA,R256,E07000195,21451,-3726,-634,-11058,-11709,5581
E3435,2022/23,South Staffordshire,SD,SD,WM,Significant Rural,Significantly Rural,0,NA,R257,E07000196,16545,512,-623,-14552,-16972,15666
E3436,2022/23,Stafford,SD,SD,WM,Significant Rural,Significantly Rural,0,NA,R258,E07000197,15349,1690,-1338,-14330,-15606,34835
E3437,2022/23,Staffordshire Moorlands,SD,SD,WM,Rural-50,Predominantly Rural,0,NA,R259,E07000198,0,0,0,0,0,0
E3439,2022/23,Tamworth,SD,SD,WM,Other Urban,Predominantly Urban,0,NA,R261,E07000199,12192,1164,-1882,-9751,-9751,21437
E3520,2022/23,Suffolk,SC,SC,EE,Predominantly Rural,Predominantly Rural,0,NA,R438,E10000029,647303,43114,-3027,-652555,-652555,157689
E3531,2022/23,Babergh,SD,SD,EE,Rural-80,Predominantly Rural,0,NA,R262,E07000200,15199,3430,-6350,-7941,-11066,15800
E3533,2022/23,Ipswich,SD,SD,EE,Other Urban,Predominantly Urban,0,NA,R264,E07000202,27842,7308,-7730,-20016,-20016,23673
E3534,2022/23,Mid Suffolk,SD,SD,EE,Rural-80,Predominantly Rural,0,NA,R265,E07000203,0,0,0,0,0,0
E3538,2022/23,East Suffolk District Council,SD,SD,EE,NA,NA,NA,NA,R690,E07000244,47386,9499,-5998,-37484,-44233,54539
E3539,2022/23,West Suffolk District Council,SD,SD,EE,NA,NA,NA,NA,R691,E07000245,21986,7282,-3848,-20444,-25179,46998
E3620,2022/23,Surrey,SC,SC,SE,Predominantly Urban,Predominantly Urban,0,NA,R439,E10000030,1131585,24949,-23127,-1108736,-1108736,243506
E3631,2022/23,Elmbridge,SD,SD,SE,Major Urban,Predominantly Urban,0,NA,R269,E07000207,25078,2833,-10653,-15031,-15081,52793
E3632,2022/23,Epsom & Ewell,SD,SD,SE,Major Urban,Predominantly Urban,0,NA,R270,E07000208,16226,599,-8613,-9867,-9867,37083
E3633,2022/23,Guildford,SD,SD,SE,Significant Rural,Significantly Rural,0,NA,R271,E07000209,0,0,0,0,0,0
E3634,2022/23,Mole Valley,SD,SD,SE,Significant Rural,Significantly Rural,0,NA,R272,E07000210,12923,6402,-6697,-12919,-13296,20480
E3635,2022/23,Reigate & Banstead,SD,SD,SE,Other Urban,Predominantly Urban,0,NA,R273,E07000211,31313,481,-6179,-19269,-19776,38951
E3636,2022/23,Runnymede,SD,SD,SE,Major Urban,Predominantly Urban,0,NA,R274,E07000212,14858,17215,-27621,-6287,-6287,51384
E3637,2022/23,Spelthorne,SD,SD,SE,Major Urban,Predominantly Urban,0,NA,R275,E07000213,21456,36938,-53561,-14060,-14060,74602
E3638,2022/23,Surrey Heath,SD,SD,SE,Other Urban,Predominantly Urban,0,NA,R276,E07000214,11986,1327,-4375,-10289,-10926,60559
E3639,2022/23,Tandridge,SD,SD,SE,Rural-50,Predominantly Rural,0,NA,R277,E07000215,10666,6258,-3962,-12150,-13221,9736
E3640,2022/23,Waverley,SD,SD,SE,Rural-50,Predominantly Rural,0,NA,R278,E07000216,16205,12466,-14944,-12924,-16900,21942
E3641,2022/23,Woking,SD,SD,SE,Major Urban,Predominantly Urban,0,NA,R279,E07000217,0,0,0,0,0,0
E3720,2022/23,Warwickshire,SC,SC,WM,Significant Rural,Significantly Rural,0,NA,R440,E10000031,507199,28097,-7959,-508482,-508482,197038
E3731,2022/23,North Warwickshire,SD,SD,WM,Rural-50,Predominantly Rural,0,NA,R280,E07000218,0,0,0,0,0,0
E3732,2022/23,Nuneaton & Bedworth,SD,SD,WM,Other Urban,Predominantly Urban,0,NA,R281,E07000219,0,0,0,0,0,0
E3733,2022/23,Rugby,SD,SD,WM,Significant Rural,Significantly Rural,0,NA,R282,E07000220,14760,-7944,-2060,-10995,-11935,31081
E3734,2022/23,Stratford-on-Avon,SD,SD,WM,Rural-80,Predominantly Rural,0,NA,R283,E07000221,20975,-510,-2744,-19251,-23155,63598
E3735,2022/23,Warwick,SD,SD,WM,Significant Rural,Significantly Rural,0,NA,R284,E07000222,0,0,0,0,0,0
E3820,2022/23,West Sussex,SC,SC,SE,Significant Rural,Significantly Rural,0,NA,R441,E10000032,768947,39636,-15564,-773473,-773473,224648
E3831,2022/23,Adur,SD,SD,SE,Large Urban,Predominantly Urban,1,NA,R285,E07000223,0,0,0,0,0,0
E3832,2022/23,Arun,SD,SD,SE,Large Urban,Predominantly Urban,1,NA,R286,E07000224,26069,3531,-2463,-20396,-25420,25792
E3833,2022/23,Chichester,SD,SD,SE,Rural-80,Predominantly Rural,1,NA,R287,E07000225,16505,6878,-3730,-12771,-16727,51988
E3834,2022/23,Crawley,SD,SD,SE,Other Urban,Predominantly Urban,0,NA,R288,E07000226,19201,2410,-2918,-15982,-15982,22919
E3835,2022/23,Horsham,SD,SD,SE,Rural-50,Predominantly Rural,0,NA,R289,E07000227,17841,3451,-4008,-19493,-23447,49101
E3836,2022/23,Mid Sussex,SD,SD,SE,Rural-80,Predominantly Rural,0,NA,R290,E07000228,20429,1437,-4723,-17679,-22563,32371
E3837,2022/23,Worthing,SD,SD,SE,Large Urban,Predominantly Urban,1,NA,R291,E07000229,0,0,0,0,0,0
E3901,2022/23,Swindon,UA,UA,SW,Other Urban,Predominantly Urban,0,NA,R631,E06000030,205626,20035,-17968,-179803,-189402,52340
E3902,2022/23,Wiltshire,UA,UA,SW,Rural-50,Predominantly Rural,0,NA,R676,E06000054,478661,28222,-9603,-481422,-508280,102266
E4001,2022/23,Isles of Scilly,UA,SD,SW,Rural-80,Predominantly Rural,1,NA,R403,E06000053,6493,130,-19,-6644,-6644,5415
E4201,2022/23,Bolton,MD,MD,NW,Major Urban,Predominantly Urban,0,Greater Manchester,R334,E08000001,307035,19292,-7753,-313042,-313472,138193
E4202,2022/23,Bury,MD,MD,NW,Major Urban,Predominantly Urban,0,Greater Manchester,R335,E08000002,202916,8785,-6129,-171498,-171498,83900
E4203,2022/23,Manchester,MD,MD,NW,Major Urban,Predominantly Urban,0,Greater Manchester,R336,E08000003,756973,60099,-68344,-613792,-613792,369260
E4204,2022/23,Oldham,MD,MD,NW,Major Urban,Predominantly Urban,0,Greater Manchester,R337,E08000004,286034,28479,-9264,-282614,-282928,105729
E4205,2022/23,Rochdale,MD,MD,NW,Major Urban,Predominantly Urban,0,Greater Manchester,R338,E08000005,278668,26000,-10507,-284547,-284547,197243
E4206,2022/23,Salford,MD,MD,NW,Major Urban,Predominantly Urban,0,Greater Manchester,R339,E08000006,290104,56613,-8275,-343848,-343848,251790
E4207,2022/23,Stockport,MD,MD,NW,Major Urban,Predominantly Urban,0,Greater Manchester,R340,E08000007,314204,36822,-13818,-290257,-290257,91059
E4208,2022/23,Tameside,MD,MD,NW,Major Urban,Predominantly Urban,0,Greater Manchester,R341,E08000008,281718,23590,-8509,-268087,-268119,121252
E4209,2022/23,Trafford,MD,MD,NW,Major Urban,Predominantly Urban,0,Greater Manchester,R342,E08000009,234304,17282,-13422,-185131,-185230,66566
E4210,2022/23,Wigan,MD,MD,NW,Major Urban,Predominantly Urban,0,Greater Manchester,R343,E08000010,368376,17858,-7960,-335066,-335150,125777
E4301,2022/23,Knowsley,MD,MD,NW,Major Urban,Predominantly Urban,0,Liverpool City Region,R344,E08000011,244857,29711,-8029,-244226,-245667,72011
E4302,2022/23,Liverpool,MD,MD,NW,Major Urban,Predominantly Urban,1,Liverpool City Region,R345,E08000012,676173,111341,-10547,-673073,-673073,110085
E4303,2022/23,St Helens,MD,MD,NW,Major Urban,Predominantly Urban,0,Liverpool City Region,R346,E08000013,213795,8767,-3267,-204885,-205220,64163
E4304,2022/23,Sefton,MD,MD,NW,Major Urban,Predominantly Urban,1,Liverpool City Region,R347,E08000014,323965,14031,-4295,-295469,-296851,63766
E4305,2022/23,Wirral,MD,MD,NW,Large Urban,Predominantly Urban,1,Liverpool City Region,R348,E08000015,380769,-8701,-10331,-338290,-338290,65003
E4401,2022/23,Barnsley,MD,MD,YH,Other Urban,Predominantly Urban,0,Sheffield City Region,R349,E08000016,233968,42714,-3114,-277317,-277765,210730
E4402,2022/23,Doncaster,MD,MD,YH,Other Urban,Predominantly Urban,0,Sheffield City Region,R350,E08000017,326486,27411,-3758,-316639,-319217,95766
E4403,2022/23,Rotherham,MD,MD,YH,Large Urban,Predominantly Urban,0,Sheffield City Region,R351,E08000018,281712,18230,-3104,-286372,-289722,64150
E4404,2022/23,Sheffield,MD,MD,YH,Large Urban,Predominantly Urban,0,Sheffield City Region,R352,E08000019,652396,32969,-14797,-653322,-653977,314335
E4501,2022/23,Gateshead,MD,MD,NE,Major Urban,Predominantly Urban,0,North East,R353,E08000037,226763,31263,-5707,-244643,-244655,78824
E4502,2022/23,Newcastle-upon-Tyne,MD,MD,NE,Major Urban,Predominantly Urban,0,North of Tyne,R354,E08000021,346153,27559,-20222,-338130,-338224,175600
E4503,2022/23,North Tyneside,MD,MD,NE,Major Urban,Predominantly Urban,1,North of Tyne,R355,E08000022,223207,-1827,-1110,-204689,-204689,58611
E4504,2022/23,South Tyneside,MD,MD,NE,Major Urban,Predominantly Urban,1,North East,R356,E08000023,186930,19454,-2579,-193936,-193936,59041
E4505,2022/23,Sunderland,MD,MD,NE,Major Urban,Predominantly Urban,1,North East,R357,E08000024,309392,41681,-10231,-337592,-337651,184723
E4601,2022/23,Birmingham,MD,MD,WM,Major Urban,Predominantly Urban,0,West Midlands,R358,E08000025,0,0,0,0,0,0
E4602,2022/23,Coventry,MD,MD,WM,Large Urban,Predominantly Urban,0,West Midlands,R359,E08000026,390050,10525,-25114,-342104,-342148,118345
E4603,2022/23,Dudley,MD,MD,WM,Major Urban,Predominantly Urban,0,West Midlands,R360,E08000027,307089,18953,-624,-307782,-307782,49094
E4604,2022/23,Sandwell,MD,MD,WM,Major Urban,Predominantly Urban,0,West Midlands,R361,E08000028,364918,26544,-3245,-345722,-345722,86497
E4605,2022/23,Solihull,MD,MD,WM,Major Urban,Predominantly Urban,0,West Midlands,R362,E08000029,228141,20523,-8926,-191627,-193144,91674
E4606,2022/23,Walsall,MD,MD,WM,Major Urban,Predominantly Urban,0,West Midlands,R363,E08000030,302339,31977,-4642,-300426,-300426,203546
E4607,2022/23,Wolverhampton,MD,MD,WM,Major Urban,Predominantly Urban,0,West Midlands,R364,E08000031,276966,42055,-3922,-291312,-291312,75011
E4701,2022/23,Bradford,MD,MD,YH,Major Urban,Predominantly Urban,0,West Yorkshire,R365,E08000032,591996,31775,314,-523650,-526529,118468
E4702,2022/23,Calderdale,MD,MD,YH,Significant Rural,Significantly Rural,0,West Yorkshire,R366,E08000033,212172,9736,-2542,-206157,-206980,57535
E4703,2022/23,Kirklees,MD,MD,YH,Major Urban,Predominantly Urban,0,West Yorkshire,R367,E08000034,455253,21107,-2628,-398451,-399237,84050
E4704,2022/23,Leeds,MD,MD,YH,Major Urban,Predominantly Urban,0,West Yorkshire,R368,E08000035,777152,58564,-5529,-788798,-790938,154040
E4705,2022/23,Wakefield,MD,MD,YH,Significant Rural,Significantly Rural,0,West Yorkshire,R369,E08000036,372270,8765,-4221,-348257,-351640,122402
E5010,2022/23,City of London,LB,ILB,L,Major Urban,Predominantly Urban,0,NA,R370,E09000001,264135,7032,-69122,-200279,-200617,261457
E5011,2022/23,Camden,LB,ILB,L,Major Urban,Predominantly Urban,0,NA,R371,E09000007,336991,5465,-12688,-278795,-278795,152461
E5012,2022/23,Greenwich,LB,ILB,L,Major Urban,Predominantly Urban,0,NA,R372,E09000011,319068,16709,-2419,-324686,-324686,214638
E5013,2022/23,Hackney,LB,ILB,L,Major Urban,Predominantly Urban,0,NA,R373,E09000012,346232,27657,-17138,-354957,-354957,148431
E5014,2022/23,Hammersmith & Fulham,LB,ILB,L,Major Urban,Predominantly Urban,0,NA,R374,E09000013,187523,46448,-14257,-214509,-214509,159766
E5015,2022/23,Islington,LB,ILB,L,Major Urban,Predominantly Urban,0,NA,R375,E09000019,367227,5687,-2871,-340685,-340685,121184
E5016,2022/23,Kensington & Chelsea,LB,ILB,L,Major Urban,Predominantly Urban,0,NA,R376,E09000020,215632,14883,-14202,-166762,-166762,129308
E5017,2022/23,Lambeth,LB,ILB,L,Major Urban,Predominantly Urban,0,NA,R377,E09000022,387343,46072,-19353,-411505,-411505,160062
E5018,2022/23,Lewisham,LB,ILB,L,Major Urban,Predominantly Urban,0,NA,R378,E09000023,349727,51213,-10381,-386369,-386369,225391
E5019,2022/23,Southwark,LB,ILB,L,Major Urban,Predominantly Urban,0,NA,R379,E09000028,260804,6838,-14090,-269464,-269464,225876
E5020,2022/23,Tower Hamlets,LB,ILB,L,Major Urban,Predominantly Urban,0,NA,R380,E09000030,392795,28514,-6228,-396281,-396281,212600
E5021,2022/23,Wandsworth,LB,ILB,L,Major Urban,Predominantly Urban,0,NA,R381,E09000032,263001,2571,-18079,-258075,-258075,274188
E5022,2022/23,Westminster,LB,ILB,L,Major Urban,Predominantly Urban,0,NA,R382,E09000033,245071,48986,-28073,-25791,-25958,476311
E5030,2022/23,Barking & Dagenham,LB,OLB,L,Major Urban,Predominantly Urban,0,NA,R383,E09000002,225745,35838,-54703,-218113,-218113,145644
E5031,2022/23,Barnet,LB,OLB,L,Major Urban,Predominantly Urban,0,NA,R384,E09000003,364128,15392,-36628,-311071,-311071,140108
E5032,2022/23,Bexley,LB,OLB,L,Major Urban,Predominantly Urban,0,NA,R385,E09000004,191616,16552,-3965,-203984,-203984,57645
E5033,2022/23,Brent,LB,OLB,L,Major Urban,Predominantly Urban,0,NA,R386,E09000005,381666,35631,-20060,-348283,-348283,150457
E5034,2022/23,Bromley,LB,OLB,L,Major Urban,Predominantly Urban,0,NA,R387,E09000006,292274,28165,-16327,-253015,-253015,260963
E5035,2022/23,Croydon,LB,OLB,L,Major Urban,Predominantly Urban,0,NA,R388,E09000008,377720,56374,-16023,-405362,-405362,175064
E5036,2022/23,Ealing,LB,OLB,L,Major Urban,Predominantly Urban,0,NA,R389,E09000009,356980,26144,-14264,-361529,-361529,108857
E5037,2022/23,Enfield,LB,OLB,L,Major Urban,Predominantly Urban,0,NA,R390,E09000010,317061,36890,-7406,-303284,-303284,99011
E5038,2022/23,Haringey,LB,OLB,L,Major Urban,Predominantly Urban,0,NA,R391,E09000014,295174,43790,-11463,-304523,-304523,88605
E5039,2022/23,Harrow,LB,OLB,L,Major Urban,Predominantly Urban,0,NA,R392,E09000015,206870,41791,-15219,-231682,-231682,72681
E5040,2022/23,Havering,LB,OLB,L,Major Urban,Predominantly Urban,0,NA,R393,E09000016,241121,8419,-6799,-217721,-217721,46603
E5041,2022/23,Hillingdon,LB,OLB,L,Major Urban,Predominantly Urban,0,NA,R394,E09000017,270468,15866,-3735,-267601,-267601,58445
E5042,2022/23,Hounslow,LB,OLB,L,Major Urban,Predominantly Urban,0,NA,R395,E09000018,277202,2903,-31585,-235868,-235868,192761
E5043,2022/23,Kingston-upon-Thames,LB,OLB,L,Major Urban,Predominantly Urban,0,NA,R396,E09000021,155330,13683,-2771,-167877,-167877,65622
E5044,2022/23,Merton,LB,OLB,L,Major Urban,Predominantly Urban,0,NA,R397,E09000024,194904,19421,-18113,-194090,-194090,121176
E5045,2022/23,Newham,LB,OLB,L,Major Urban,Predominantly Urban,0,NA,R398,E09000025,343968,71593,-26841,-360386,-360386,198030
E5046,2022/23,Redbridge,LB,OLB,L,Major Urban,Predominantly Urban,0,NA,R399,E09000026,250346,21195,-12413,-262281,-262281,103031
E5047,2022/23,Richmond-upon-Thames,LB,OLB,L,Major Urban,Predominantly Urban,0,NA,R400,E09000027,186638,15603,-4904,-206149,-206149,116653
E5048,2022/23,Sutton,LB,OLB,L,Major Urban,Predominantly Urban,0,NA,R401,E09000029,202477,7384,-9108,-193714,-193714,39437
E5049,2022/23,Waltham Forest,LB,OLB,L,Major Urban,Predominantly Urban,0,NA,R402,E09000031,288685,14381,-4277,-287853,-287853,102477
